<?xml version="1.0" encoding="utf-8"?>
<edmx:Edmx Version="1.0" xmlns:edmx="http://schemas.microsoft.com/ado/2007/06/edmx" xmlns:m="http://schemas.microsoft.com/ado/2007/08/dataservices/metadata" xmlns:sap="http://www.sap.com/Protocols/SAPData">
    <edmx:DataServices m:DataServiceVersion="2.0">
        <Schema Namespace="ZPSSILVA_GW_SRV" xml:lang="en" sap:schema-version="1" xmlns="http://schemas.microsoft.com/ado/2008/09/edm">
            <Annotation Term="Core.SchemaVersion" String="1.0.0" xmlns="http://docs.oasis-open.org/odata/ns/edm"/>
            <EntityType Name="Scarr" sap:content-version="1">
                <Key>
                    <PropertyRef Name="Carrid"/>
                </Key>
                <Property Name="Carrid" Type="Edm.String" Nullable="false" MaxLength="3" sap:unicode="false" sap:label="Airline" sap:creatable="false" sap:updatable="false" sap:sortable="false" sap:filterable="false"/>
                <Property Name="Carrname" Type="Edm.String" Nullable="false" MaxLength="20" sap:unicode="false" sap:label="Airline" sap:creatable="false" sap:updatable="false" sap:sortable="false" sap:filterable="false"/>
                <Property Name="Currcode" Type="Edm.String" Nullable="false" MaxLength="5" sap:unicode="false" sap:label="Airline Currency" sap:creatable="false" sap:updatable="false" sap:sortable="false" sap:filterable="false" sap:semantics="currency-code"/>
                <Property Name="Url" Type="Edm.String" Nullable="false" MaxLength="255" sap:unicode="false" sap:label="URL" sap:creatable="false" sap:updatable="false" sap:sortable="false" sap:filterable="false"/>
                <NavigationProperty Name="ScarrToSpfliNav" Relationship="ZPSSILVA_GW_SRV.ScarrToSpfli" FromRole="FromRole_ScarrToSpfli" ToRole="ToRole_ScarrToSpfli"/>
            </EntityType>
            <EntityType Name="Spfli" sap:content-version="1">
                <Key>
                    <PropertyRef Name="Carrid"/>
                    <PropertyRef Name="Connid"/>
                </Key>
                <Property Name="Carrid" Type="Edm.String" Nullable="false" MaxLength="3" sap:unicode="false" sap:creatable="false" sap:updatable="false" sap:sortable="false" sap:filterable="false"/>
                <Property Name="Connid" Type="Edm.String" Nullable="false" MaxLength="4" sap:unicode="false" sap:creatable="false" sap:updatable="false" sap:sortable="false" sap:filterable="false"/>
                <Property Name="Countryfr" Type="Edm.String" Nullable="false" MaxLength="3" sap:unicode="false" sap:creatable="false" sap:updatable="false" sap:sortable="false" sap:filterable="false"/>
                <Property Name="Cityfrom" Type="Edm.String" Nullable="false" MaxLength="20" sap:unicode="false" sap:creatable="false" sap:updatable="false" sap:sortable="false" sap:filterable="false"/>
                <Property Name="Airpfrom" Type="Edm.String" Nullable="false" MaxLength="3" sap:unicode="false" sap:creatable="false" sap:updatable="false" sap:sortable="false" sap:filterable="false"/>
                <Property Name="Countryto" Type="Edm.String" Nullable="false" MaxLength="3" sap:unicode="false" sap:creatable="false" sap:updatable="false" sap:sortable="false" sap:filterable="false"/>
                <Property Name="Cityto" Type="Edm.String" Nullable="false" MaxLength="20" sap:unicode="false" sap:creatable="false" sap:updatable="false" sap:sortable="false" sap:filterable="false"/>
                <Property Name="Airpto" Type="Edm.String" Nullable="false" MaxLength="3" sap:unicode="false" sap:creatable="false" sap:updatable="false" sap:sortable="false" sap:filterable="false"/>
                <Property Name="Fltime" Type="Edm.Int32" Nullable="false" sap:unicode="false" sap:creatable="false" sap:updatable="false" sap:sortable="false" sap:filterable="false"/>
                <Property Name="Deptime" Type="Edm.String" Nullable="false" sap:unicode="false" sap:creatable="false" sap:updatable="false" sap:sortable="false" sap:filterable="false"/>
                <Property Name="Arrtime" Type="Edm.String" Nullable="false" sap:unicode="false" sap:creatable="false" sap:updatable="false" sap:sortable="false" sap:filterable="false"/>
                <Property Name="Distance" Type="Edm.Decimal" Nullable="false" Precision="9" Scale="4" sap:unicode="false" sap:creatable="false" sap:updatable="false" sap:sortable="false" sap:filterable="false"/>
                <Property Name="Distid" Type="Edm.String" Nullable="false" MaxLength="3" sap:unicode="false" sap:creatable="false" sap:updatable="false" sap:sortable="false" sap:filterable="false"/>
                <Property Name="Fltype" Type="Edm.String" Nullable="false" MaxLength="1" sap:unicode="false" sap:creatable="false" sap:updatable="false" sap:sortable="false" sap:filterable="false"/>
                <Property Name="Period" Type="Edm.String" Nullable="false" sap:unicode="false" sap:creatable="false" sap:updatable="false" sap:sortable="false" sap:filterable="false"/>
            </EntityType>
            <Association Name="ScarrToSpfli" sap:content-version="1">
                <End Type="ZPSSILVA_GW_SRV.Scarr" Multiplicity="1" Role="FromRole_ScarrToSpfli"/>
                <End Type="ZPSSILVA_GW_SRV.Spfli" Multiplicity="*" Role="ToRole_ScarrToSpfli"/>
                <ReferentialConstraint>
                    <Principal Role="FromRole_ScarrToSpfli">
                        <PropertyRef Name="Carrid"/>
                    </Principal>
                    <Dependent Role="ToRole_ScarrToSpfli">
                        <PropertyRef Name="Carrid"/>
                    </Dependent>
                </ReferentialConstraint>
            </Association>
            <EntityContainer Name="ZPSSILVA_GW_SRV_Entities" m:IsDefaultEntityContainer="true" sap:supported-formats="atom json xlsx">
                <EntitySet Name="ScarrSet" EntityType="ZPSSILVA_GW_SRV.Scarr" sap:updatable="false" sap:deletable="false" sap:pageable="false" sap:content-version="1"/>
                <EntitySet Name="SpfliSet" EntityType="ZPSSILVA_GW_SRV.Spfli" sap:creatable="false" sap:updatable="false" sap:deletable="false" sap:pageable="false" sap:content-version="1"/>
                <AssociationSet Name="ScarrToSpfliSet" Association="ZPSSILVA_GW_SRV.ScarrToSpfli" sap:creatable="false" sap:updatable="false" sap:deletable="false" sap:content-version="1">
                    <End EntitySet="ScarrSet" Role="FromRole_ScarrToSpfli"/>
                    <End EntitySet="SpfliSet" Role="ToRole_ScarrToSpfli"/>
                </AssociationSet>
            </EntityContainer>
            <atom:link rel="self" href="https://VM71.4HUB.CLOUD:44371/sap/opu/odata/sap/ZPSSILVA_GW_SRV/$metadata" xmlns:atom="http://www.w3.org/2005/Atom"/>
            <atom:link rel="latest-version" href="https://VM71.4HUB.CLOUD:44371/sap/opu/odata/sap/ZPSSILVA_GW_SRV/$metadata" xmlns:atom="http://www.w3.org/2005/Atom"/>
        </Schema>
    </edmx:DataServices>
</edmx:Edmx>